host_id,listing_count,host_rank,cumulative_listing_count,cumulative_listing_share_percentage,cumulative_host_share_percentage
138649185,215,1,215,6.942202131094607,0.13123359580052493
238891646,131,2,346,11.17210203422667,0.26246719160104987
2413412,91,3,437,14.11042944785276,0.39370078740157477
8948251,73,4,510,16.467549241201162,0.5249343832020997
109333133,73,5,583,18.824669034549565,0.6561679790026247
23336011,71,6,654,21.11721020342267,0.7874015748031495
46685310,71,7,725,23.40975137229577,0.9186351706036745
10248444,64,8,789,25.47626735550533,1.0498687664041995
61619807,60,9,849,27.413626089764286,1.1811023622047243
97878860,59,10,908,29.3186955117856,1.3123359580052494
24496358,53,11,961,31.030029060381015,1.4435695538057742
300765938,52,12,1013,32.70907329673878,1.574803149606299
68059127,50,13,1063,34.323538908621245,1.7060367454068242
1439258,44,14,1107,35.74426864707782,1.837270341207349
201775246,44,15,1151,37.16499838553439,1.968503937007874
404487343,43,16,1194,38.55343881175331,2.099737532808399
2676835,35,17,1229,39.683564740071034,2.2309711286089238
148161755,26,18,1255,40.52308685824992,2.3622047244094486
108773366,24,19,1279,41.2980303519535,2.493438320209974
101145755,19,20,1298,41.91152728446884,2.6246719160104988
337002461,18,21,1316,42.49273490474653,2.7559055118110236
25185912,18,22,1334,43.073942525024215,2.8871391076115485
292133113,17,23,1351,43.62286083306425,3.0183727034120733
108946090,17,24,1368,44.171779141104295,3.149606299212598
111065775,16,25,1384,44.68840813690668,3.2808398950131235
50965838,16,26,1400,45.20503713270907,3.4120734908136483
545750991,15,27,1415,45.689376816273814,3.543307086614173
524793962,14,28,1429,46.141427187600904,3.674540682414698
1706906098815333930,14,29,1443,46.593477558927994,3.805774278215223
474773234,14,30,1457,47.04552793025509,3.937007874015748
735971860,14,31,1471,47.49757830158218,4.0682414698162725
13468566,12,32,1483,47.88505004843397,4.199475065616798
575534036,12,33,1495,48.27252179528576,4.330708661417323
46515276,12,34,1507,48.659993542137556,4.4619422572178475
25375339,12,35,1519,49.04746528898934,4.593175853018373
55844797,12,36,1531,49.43493703584114,4.724409448818897
29032695,12,37,1543,49.82240878269293,4.8556430446194225
109741357,11,38,1554,50.17759121730707,4.986876640419948
701528793,11,39,1565,50.53277365192122,5.118110236220472
8978331,11,40,1576,50.887956086535354,5.2493438320209975
680876971,11,41,1587,51.243138521149504,5.380577427821522
33096269,11,42,1598,51.59832095576364,5.511811023622047
96718721,11,43,1609,51.95350339037779,5.6430446194225725
800558,10,44,1619,52.276396512754275,5.774278215223097
545752783,10,45,1629,52.59928963513077,5.905511811023622
507310820,10,46,1639,52.922182757507265,6.036745406824147
461577696,9,47,1648,53.212786567646106,6.167979002624672
372124974,9,48,1657,53.50339037778495,6.299212598425196
375833318,9,49,1666,53.7939941879238,6.4304461942257225
11463785,9,50,1675,54.08459799806265,6.561679790026247
256587033,9,51,1684,54.37520180820149,6.692913385826772
209260798,9,52,1693,54.66580561834032,6.824146981627297
135298846,9,53,1702,54.95640942847917,6.955380577427822
124516401,8,54,1710,55.21472392638037,7.086614173228346
159031223,8,55,1718,55.47303842428156,7.217847769028872
11390076,8,56,1726,55.73135292218275,7.349081364829396
679890583,8,57,1734,55.989667420083954,7.480314960629922
657864050,8,58,1742,56.24798191798514,7.611548556430446
264230720,8,59,1750,56.50629641588634,7.742782152230972
299971996,7,60,1757,56.732321601549884,7.874015748031496
193819283,7,61,1764,56.95834678721343,8.005249343832022
220661611,7,62,1771,57.18437197287698,8.136482939632545
694002672,7,63,1778,57.410397158540526,8.267716535433072
1521514,7,64,1785,57.636422344204064,8.398950131233596
155244964,7,65,1792,57.86244752986761,8.530183727034121
49380207,7,66,1799,58.08847271553116,8.661417322834646
122243761,7,67,1806,58.314497901194706,8.792650918635172
717297768,7,68,1813,58.54052308685825,8.923884514435695
696337650,7,69,1820,58.76654827252179,9.05511811023622
748341190,7,70,1827,58.99257345818534,9.186351706036746
722769303,7,71,1834,59.218598643848885,9.317585301837271
494593479,7,72,1841,59.44462382951243,9.448818897637794
735286004,7,73,1848,59.67064901517598,9.580052493438322
700813835,7,74,1855,59.89667420083952,9.711286089238845
545752502,7,75,1862,60.122699386503065,9.84251968503937
732177708,6,76,1868,60.316435259928966,9.973753280839896
730145730,6,77,1874,60.51017113335486,10.104986876640421
518346592,6,78,1880,60.70390700678075,10.236220472440944
376700307,6,79,1886,60.89764288020665,10.36745406824147
373313984,6,80,1892,61.091378753632554,10.498687664041995
328368210,6,81,1898,61.28511462705845,10.62992125984252
463195123,6,82,1904,61.47885050048434,10.761154855643044
225641992,6,83,1910,61.672586373910235,10.892388451443571
568806401,6,84,1916,61.866322247336136,11.023622047244094
9899270,6,85,1922,62.06005812076203,11.15485564304462
37964493,6,86,1928,62.25379399418792,11.286089238845145
554949756,6,87,1934,62.44752986761382,11.41732283464567
223971227,6,88,1940,62.64126574103972,11.548556430446194
581868519,6,89,1946,62.83500161446561,11.67979002624672
151316863,6,90,1952,63.028737487891505,11.811023622047244
122620134,6,91,1958,63.2224733613174,11.94225721784777
686218657,6,92,1964,63.416209234743306,12.073490813648293
3951127,6,93,1970,63.6099451081692,12.204724409448819
118496059,6,94,1976,63.80368098159509,12.335958005249344
30080617,6,95,1982,63.99741685502099,12.46719160104987
328013026,6,96,1988,64.1911527284469,12.598425196850393
212039019,6,97,1994,64.38488860187277,12.72965879265092
676710654,6,98,2000,64.57862447529867,12.860892388451445
477357070,5,99,2005,64.74007103648692,12.992125984251967
50158481,5,100,2010,64.90151759767517,13.123359580052494
69121685,5,101,2015,65.06296415886341,13.254593175853019
696336606,5,102,2020,65.22441072005167,13.385826771653544
696298612,5,103,2025,65.38585728123991,13.517060367454068
138468223,5,104,2030,65.54730384242816,13.648293963254593
1529439,5,105,2035,65.7087504036164,13.779527559055119
754950767,5,106,2040,65.87019696480465,13.910761154855644
696337316,5,107,2045,66.0316435259929,14.041994750656167
28809566,5,108,2050,66.19309008718113,14.173228346456693
409974776,5,109,2055,66.35453664836939,14.304461942257218
211434941,5,110,2060,66.51598320955763,14.435695538057743
7210103,5,111,2065,66.67742977074589,14.566929133858267
46545593,5,112,2070,66.83887633193413,14.698162729658792
48307592,5,113,2075,67.00032289312237,14.829396325459317
680853454,5,114,2080,67.16176945431063,14.960629921259844
206769167,5,115,2085,67.32321601549887,15.091863517060366
544525434,5,116,2090,67.48466257668711,15.223097112860891
493110459,5,117,2095,67.64610913787537,15.354330708661418
501291108,5,118,2100,67.80755569906361,15.485564304461944
504706105,5,119,2105,67.96900226025186,15.616797900262466
326090835,5,120,2110,68.1304488214401,15.748031496062993
367042,5,121,2115,68.29189538262835,15.879265091863518
544341239,5,122,2120,68.4533419438166,16.010498687664043
287240181,5,123,2125,68.61478850500484,16.141732283464567
221293047,5,124,2130,68.7762350661931,16.27296587926509
545753012,5,125,2135,68.93768162738134,16.404199475065617
42295661,5,126,2140,69.09912818856958,16.535433070866144
653907958,5,127,2145,69.26057474975784,16.666666666666664
218722083,5,128,2150,69.42202131094608,16.79790026246719
300415759,5,129,2155,69.58346787213432,16.92913385826772
252091822,5,130,2160,69.74491443332256,17.060367454068242
34649530,5,131,2165,69.90636099451082,17.191601049868765
184792657,5,132,2170,70.06780755569906,17.322834645669293
525207877,5,133,2175,70.2292541168873,17.454068241469816
686408018,4,134,2179,70.35841136583791,17.585301837270343
689921502,4,135,2183,70.48756861478851,17.716535433070867
689920810,4,136,2187,70.6167258637391,17.84776902887139
121666882,4,137,2191,70.7458831126897,17.979002624671917
1584407,4,138,2195,70.8750403616403,18.11023622047244
125437217,4,139,2199,71.0041976105909,18.241469816272964
3926646,4,140,2203,71.13335485954148,18.37270341207349
687512818,4,141,2207,71.26251210849209,18.503937007874015
33399249,4,142,2211,71.3916693574427,18.635170603674542
291243757,4,143,2215,71.52082660639329,18.766404199475065
535899829,4,144,2219,71.64998385534388,18.89763779527559
651579232,4,145,2223,71.77914110429448,19.028871391076116
528203435,4,146,2227,71.90829835324507,19.160104986876643
528168810,4,147,2231,72.03745560219568,19.291338582677163
47682311,4,148,2235,72.16661285114627,19.42257217847769
667873160,4,149,2239,72.29577010009687,19.553805774278217
682681675,4,150,2243,72.42492734904746,19.68503937007874
680853463,4,151,2247,72.55408459799806,19.816272965879264
194085596,4,152,2251,72.68324184694866,19.94750656167979
674516503,4,153,2255,72.81239909589927,20.078740157480315
651570560,4,154,2259,72.94155634484986,20.209973753280842
181666720,4,155,2263,73.07071359380045,20.341207349081365
434862321,4,156,2267,73.19987084275105,20.47244094488189
521372493,4,157,2271,73.32902809170164,20.603674540682416
24038248,4,158,2275,73.45818534065225,20.73490813648294
313008662,4,159,2279,73.58734258960284,20.866141732283463
319117748,4,160,2283,73.71649983855345,20.99737532808399
17526618,4,161,2287,73.84565708750404,21.128608923884514
465816408,4,162,2291,73.97481433645463,21.25984251968504
396588956,4,163,2295,74.10397158540522,21.391076115485564
697573716,4,164,2299,74.23312883435584,21.522309711286088
708079827,4,165,2303,74.36228608330643,21.653543307086615
711461826,4,166,2307,74.49144333225702,21.784776902887142
708644503,4,167,2311,74.62060058120763,21.916010498687662
734129760,4,168,2315,74.74975783015822,22.04724409448819
84590945,4,169,2319,74.87891507910881,22.178477690288716
720583609,4,170,2323,75.00807232805941,22.30971128608924
753712235,4,171,2327,75.13722957701002,22.440944881889763
720584093,3,172,2330,75.23409751372296,22.57217847769029
65679130,3,173,2333,75.33096545043591,22.703412073490814
108417270,3,174,2336,75.42783338714885,22.83464566929134
489662839,3,175,2339,75.52470132386179,22.965879265091864
711330825,3,176,2342,75.62156926057474,23.097112860892388
572592994,3,177,2345,75.7184371972877,23.228346456692915
220733620,3,178,2348,75.81530513400064,23.35958005249344
545752892,3,179,2351,75.91217307071359,23.490813648293962
23874147,3,180,2354,76.00904100742653,23.62204724409449
507286696,3,181,2357,76.10590894413949,23.753280839895012
333673909,3,182,2360,76.20277688085244,23.88451443569554
34707342,3,183,2363,76.29964481756538,24.015748031496063
333322723,3,184,2366,76.39651275427833,24.146981627296586
443920116,3,185,2369,76.49338069099129,24.278215223097114
449188691,3,186,2372,76.59024862770423,24.409448818897637
551640139,3,187,2375,76.68711656441718,24.54068241469816
696336784,3,188,2378,76.78398450113013,24.671916010498688
686036051,3,189,2381,76.88085243784307,24.803149606299215
5092893,3,190,2384,76.97772037455603,24.93438320209974
1170341,3,191,2387,77.07458831126897,25.065616797900265
726440509,3,192,2390,77.17145624798192,25.196850393700785
2327574,3,193,2393,77.26832418469488,25.32808398950131
108476315,3,194,2396,77.36519212140782,25.45931758530184
682065783,3,195,2399,77.46206005812077,25.590551181102363
594643865,3,196,2402,77.55892799483371,25.72178477690289
236303515,3,197,2405,77.65579593154666,25.853018372703414
10802615,3,198,2408,77.7526638682596,25.984251968503933
265191783,3,199,2411,77.84953180497254,26.115485564304464
268906890,3,200,2414,77.9463997416855,26.246719160104988
32232191,3,201,2417,78.04326767839845,26.37795275590551
506544191,3,202,2420,78.14013561511139,26.509186351706038
662109622,3,203,2423,78.23700355182434,26.64041994750656
51481829,3,204,2426,78.3338714885373,26.77165354330709
696332985,3,205,2429,78.43073942525024,26.902887139107612
152646149,3,206,2432,78.52760736196319,27.034120734908136
6675090,3,207,2435,78.62447529867613,27.165354330708663
24476285,2,208,2437,78.68905392315145,27.296587926509186
26899710,2,209,2439,78.75363254762674,27.42782152230971
65982503,2,210,2441,78.81821117210204,27.559055118110237
78080643,2,211,2443,78.88278979657734,27.69028871391076
94903993,2,212,2445,78.94736842105263,27.821522309711288
391575732,2,213,2447,79.01194704552793,27.95275590551181
376693750,2,214,2449,79.07652567000324,28.083989501312335
492462021,2,215,2451,79.14110429447852,28.21522309711286
2351356,2,216,2453,79.20568291895383,28.346456692913385
102052937,2,217,2455,79.27026154342911,28.47769028871391
22273315,2,218,2457,79.33484016790442,28.608923884514436
18722224,2,219,2459,79.39941879237972,28.74015748031496
17364350,2,220,2461,79.46399741685502,28.871391076115486
17354380,2,221,2463,79.52857604133033,29.00262467191601
16878734,2,222,2465,79.59315466580563,29.133858267716533
12569371,2,223,2467,79.65773329028092,29.26509186351706
31975096,2,224,2469,79.72231191475622,29.396325459317584
31583707,2,225,2471,79.7868905392315,29.527559055118108
329787478,2,226,2473,79.85146916370681,29.658792650918635
323810058,2,227,2475,79.91604778818211,29.790026246719158
38934778,2,228,2477,79.9806264126574,29.92125984251969
243474450,2,229,2479,80.0452050371327,30.05249343832021
252457369,2,230,2481,80.109783661608,30.183727034120732
260771308,2,231,2483,80.17436228608331,30.314960629921263
239242652,2,232,2485,80.23894091055861,30.446194225721783
20715591,2,233,2487,80.30351953503391,30.577427821522306
33003286,2,234,2489,80.3680981595092,30.708661417322837
528137608,2,235,2491,80.4326767839845,30.839895013123357
526632910,2,236,2493,80.49725540845981,30.971128608923888
461973800,2,237,2495,80.5618340329351,31.10236220472441
462493313,2,238,2497,80.6264126574104,31.23359580052493
30168263,2,239,2499,80.69099128188569,31.36482939632546
30613375,2,240,2501,80.75556990636099,31.496062992125985
22828858,2,241,2503,80.82014853083629,31.627296587926505
405511511,2,242,2505,80.88472715531158,31.758530183727036
345911177,2,243,2507,80.9493057797869,31.88976377952756
366300043,2,244,2509,81.0138844042622,32.020997375328086
29131068,2,245,2511,81.07846302873749,32.15223097112861
29574073,2,246,2513,81.14304165321279,32.28346456692913
518110820,2,247,2515,81.20762027768808,32.414698162729664
452204023,2,248,2517,81.27219890216338,32.54593175853018
456752357,2,249,2519,81.33677752663868,32.677165354330704
429031523,2,250,2521,81.40135615111397,32.808398950131235
573953309,2,251,2523,81.46593477558928,32.93963254593176
652674004,2,252,2525,81.53051340006458,33.07086614173229
15257023,2,253,2527,81.59509202453987,33.202099737532805
551176650,2,254,2529,81.65967064901518,33.33333333333333
48437716,2,255,2531,81.72424927349049,33.46456692913386
218702365,2,256,2533,81.78882789796577,33.59580052493438
224816054,2,257,2535,81.85340652244108,33.727034120734906
44250196,2,258,2537,81.91798514691638,33.85826771653544
543922318,2,259,2539,81.98256377139167,33.98950131233596
38753656,2,260,2541,82.04714239586697,34.120734908136484
538385739,2,261,2543,82.11172102034226,34.25196850393701
576414012,2,262,2545,82.17629964481756,34.38320209973753
578365972,2,263,2547,82.24087826929286,34.51443569553806
525002801,2,264,2549,82.30545689376815,34.645669291338585
12318187,2,265,2551,82.37003551824345,34.7769028871391
681048765,2,266,2553,82.43461414271877,34.90813648293963
685536791,2,267,2555,82.49919276719406,35.039370078740156
683427647,2,268,2557,82.56377139166936,35.170603674540686
5981335,2,269,2559,82.62835001614465,35.30183727034121
5423329,2,270,2561,82.69292864061995,35.43307086614173
47355824,2,271,2563,82.75750726509526,35.56430446194226
657879804,2,272,2565,82.82208588957054,35.69553805774278
667873257,2,273,2567,82.88666451404585,35.826771653543304
677634500,2,274,2569,82.95124313852115,35.958005249343834
142727817,2,275,2571,83.01582176299644,36.08923884514436
9293170,2,276,2573,83.08040038747174,36.22047244094488
9410772,2,277,2575,83.14497901194704,36.351706036745405
9985120,2,278,2577,83.20955763642235,36.48293963254593
681052960,2,279,2579,83.27413626089765,36.61417322834646
681098024,2,280,2581,83.33871488537295,36.74540682414698
12083856,2,281,2583,83.40329350984824,36.876640419947506
52494253,2,282,2585,83.46787213432354,37.00787401574803
682065677,2,283,2587,83.53245075879883,37.13910761154855
682063631,2,284,2589,83.59702938327413,37.270341207349084
681289641,2,285,2591,83.66160800774944,37.40157480314961
696337176,2,286,2593,83.72618663222472,37.53280839895013
155235048,2,287,2595,83.79076525670003,37.664041994750654
47928660,2,288,2597,83.85534388117533,37.79527559055118
142217058,2,289,2599,83.91992250565063,37.9265091863517
682068197,2,290,2601,83.98450113012593,38.05774278215223
4725831,2,291,2603,84.04907975460122,38.188976377952756
4705949,2,292,2605,84.11365837907653,38.320209973753286
119740557,2,293,2607,84.17823700355183,38.4514435695538
160703921,2,294,2609,84.24281562802712,38.582677165354326
66406177,2,295,2611,84.30739425250242,38.71391076115486
682068756,2,296,2613,84.37197287697772,38.84514435695538
682067680,2,297,2615,84.43655150145301,38.976377952755904
682067500,2,298,2617,84.50113012592831,39.107611548556434
685640177,2,299,2619,84.56570875040362,39.23884514435695
69940082,2,300,2621,84.6302873748789,39.37007874015748
69005937,2,301,2623,84.69486599935422,39.501312335958005
4673970,2,302,2625,84.75944462382952,39.63254593175853
128465640,2,303,2627,84.82402324830481,39.76377952755906
124827904,2,304,2629,84.88860187278011,39.89501312335958
719430690,2,305,2631,84.9531804972554,40.0262467191601
124238686,2,306,2633,85.0177591217307,40.15748031496063
2235699,2,307,2635,85.08233774620601,40.28871391076115
726439689,2,308,2637,85.1469163706813,40.419947506561684
726439873,2,309,2639,85.2114949951566,40.55118110236221
228867,2,310,2641,85.2760736196319,40.68241469816273
3234859,2,311,2643,85.34065224410719,40.813648293963254
3437228,2,312,2645,85.4052308685825,40.94488188976378
1689114012561812383,2,313,2647,85.4698094930578,41.0761154855643
719256327,2,314,2649,85.5343881175331,41.20734908136483
3162951,1,315,2650,85.56667742977075,41.338582677165356
3034356,1,316,2651,85.5989667420084,41.46981627296588
2911362,1,317,2652,85.63125605424604,41.6010498687664
2803932,1,318,2653,85.66354536648369,41.732283464566926
2594443,1,319,2654,85.69583467872134,41.86351706036746
2429282,1,320,2655,85.72812399095899,41.99475065616798
2407589,1,321,2656,85.76041330319664,42.125984251968504
2358002,1,322,2657,85.7927026154343,42.25721784776903
2329770,1,323,2658,85.82499192767195,42.38845144356955
706876359,1,324,2659,85.85728123990958,42.51968503937008
696528369,1,325,2660,85.88957055214725,42.650918635170605
4604183,1,326,2661,85.92185986438488,42.78215223097113
4430782,1,327,2662,85.95414917662254,42.91338582677165
4422603,1,328,2663,85.98643848886019,43.044619422572175
4360831,1,329,2664,86.01872780109784,43.1758530183727
4337301,1,330,2665,86.05101711333548,43.30708661417323
87864383,1,331,2666,86.08330642557314,43.43832020997375
87663129,1,332,2667,86.11559573781078,43.569553805774284
87517211,1,333,2668,86.14788505004843,43.7007874015748
86883487,1,334,2669,86.1801743622861,43.832020997375324
86278590,1,335,2670,86.21246367452373,43.963254593175854
84942477,1,336,2671,86.24475298676138,44.09448818897638
84863690,1,337,2672,86.27704229899904,44.2257217847769
84411185,1,338,2673,86.30933161123669,44.35695538057743
83878917,1,339,2674,86.34162092347432,44.48818897637795
83468243,1,340,2675,86.37391023571197,44.61942257217848
82232029,1,341,2676,86.40619954794963,44.750656167979
80852936,1,342,2677,86.43848886018728,44.881889763779526
80444449,1,343,2678,86.47077817242493,45.01312335958006
78727517,1,344,2679,86.50306748466258,45.14435695538058
78364359,1,345,2680,86.53535679690023,45.2755905511811
78357301,1,346,2681,86.56764610913787,45.40682414698163
104729824,1,347,2682,86.59993542137553,45.53805774278215
103692249,1,348,2683,86.63222473361317,45.66929133858268
103401936,1,349,2684,86.66451404585082,45.800524934383205
102007408,1,350,2685,86.69680335808847,45.93175853018373
101940767,1,351,2686,86.72909267032612,46.06299212598425
100474068,1,352,2687,86.76138198256376,46.194225721784775
100179761,1,353,2688,86.79367129480143,46.3254593175853
97397042,1,354,2689,86.82596060703906,46.45669291338583
92678981,1,355,2690,86.85824991927672,46.58792650918635
92626981,1,356,2691,86.89053923151437,46.71916010498688
92266851,1,357,2692,86.92282854375202,46.8503937007874
92189808,1,358,2693,86.95511785598967,46.981627296587924
91481229,1,359,2694,86.98740716822732,47.112860892388454
91224988,1,360,2695,87.01969648046497,47.24409448818898
89725954,1,361,2696,87.05198579270261,47.3753280839895
88877163,1,362,2697,87.08427510494026,47.506561679790025
74074683,1,363,2698,87.11656441717791,47.63779527559055
74054288,1,364,2699,87.14885372941556,47.76902887139108
73166292,1,365,2700,87.18114304165321,47.9002624671916
70790155,1,366,2701,87.21343235389087,48.031496062992126
69886637,1,367,2702,87.2457216661285,48.16272965879265
67860905,1,368,2703,87.27801097836615,48.29396325459317
67840264,1,369,2704,87.31030029060382,48.4251968503937
66443986,1,370,2705,87.34258960284146,48.55643044619423
65893484,1,371,2706,87.37487891507911,48.68766404199475
108219571,1,372,2707,87.40716822731676,48.818897637795274
107909050,1,373,2708,87.43945753955441,48.9501312335958
107642461,1,374,2709,87.47174685179205,49.08136482939632
106363186,1,375,2710,87.50403616402971,49.21259842519685
106191222,1,376,2711,87.53632547626735,49.343832020997375
105546293,1,377,2712,87.568614788505,49.4750656167979
105253694,1,378,2713,87.60090410074265,49.60629921259843
129064266,1,379,2714,87.6331934129803,49.737532808398946
128980349,1,380,2715,87.66548272521796,49.86876640419948
128366539,1,381,2716,87.69777203745561,50.0
127346104,1,382,2717,87.73006134969326,50.13123359580053
126914776,1,383,2718,87.7623506619309,50.26246719160105
126899795,1,384,2719,87.79463997416855,50.39370078740157
126446203,1,385,2720,87.8269292864062,50.5249343832021
122991242,1,386,2721,87.85921859864385,50.65616797900262
122468322,1,387,2722,87.8915079108815,50.78740157480315
122219616,1,388,2723,87.92379722311915,50.91863517060368
119614575,1,389,2724,87.95608653535679,51.0498687664042
117401338,1,390,2725,87.98837584759444,51.181102362204726
112817803,1,391,2726,88.0206651598321,51.31233595800525
111265991,1,392,2727,88.05295447206974,51.44356955380578
109545738,1,393,2728,88.0852437843074,51.574803149606296
109043317,1,394,2729,88.11753309654505,51.70603674540683
129356836,1,395,2730,88.1498224087827,51.83727034120735
65541338,1,396,2731,88.18211172102033,51.96850393700787
65322694,1,397,2732,88.214401033258,52.0997375328084
63217724,1,398,2733,88.24669034549564,52.23097112860893
63207270,1,399,2734,88.27897965773329,52.362204724409445
63180047,1,400,2735,88.31126896997094,52.493438320209975
63152849,1,401,2736,88.34355828220859,52.6246719160105
61415440,1,402,2737,88.37584759444623,52.75590551181102
61230299,1,403,2738,88.4081369066839,52.887139107611546
60720370,1,404,2739,88.44042621892154,53.018372703412076
60327060,1,405,2740,88.47271553115918,53.14960629921261
60202360,1,406,2741,88.50500484339683,53.28083989501312
59882845,1,407,2742,88.53729415563448,53.41207349081365
59454953,1,408,2743,88.56958346787214,53.54330708661418
59100262,1,409,2744,88.60187278010979,53.674540682414694
58541664,1,410,2745,88.63416209234744,53.805774278215225
156754281,1,411,2746,88.66645140458508,53.937007874015755
154321101,1,412,2747,88.69874071682273,54.06824146981627
149873393,1,413,2748,88.73103002906038,54.199475065616795
149374360,1,414,2749,88.76331934129803,54.330708661417326
149095282,1,415,2750,88.79560865353568,54.46194225721784
148161274,1,416,2751,88.82789796577333,54.59317585301837
147912349,1,417,2752,88.86018727801098,54.7244094488189
145421414,1,418,2753,88.89247659024862,54.85564304461942
144358326,1,419,2754,88.92476590248629,54.98687664041994
141194639,1,420,2755,88.95705521472392,55.118110236220474
137302887,1,421,2756,88.98934452696157,55.249343832021005
136518035,1,422,2757,89.02163383919923,55.38057742782152
136026521,1,423,2758,89.05392315143688,55.51181102362205
135778052,1,424,2759,89.08621246367451,55.643044619422575
135147630,1,425,2760,89.11850177591218,55.77427821522309
131052744,1,426,2761,89.15079108814983,55.90551181102362
167947458,1,427,2762,89.18308040038747,56.03674540682415
167203844,1,428,2763,89.21536971262512,56.16797900262467
163103462,1,429,2764,89.24765902486277,56.2992125984252
57612875,1,430,2765,89.27994833710042,56.43044619422572
56421978,1,431,2766,89.31223764933807,56.56167979002624
56265371,1,432,2767,89.34452696157572,56.69291338582677
55973390,1,433,2768,89.37681627381336,56.8241469816273
54050593,1,434,2769,89.40910558605101,56.95538057742782
53570166,1,435,2770,89.44139489828866,57.08661417322835
52593645,1,436,2771,89.47368421052632,57.21784776902887
51312096,1,437,2772,89.50597352276397,57.3490813648294
50612894,1,438,2773,89.53826283500162,57.48031496062992
50100418,1,439,2774,89.57055214723927,57.61154855643045
160352841,1,440,2775,89.6028414594769,57.74278215223097
158158038,1,441,2776,89.63513077171457,57.874015748031496
158041907,1,442,2777,89.66742008395221,58.00524934383202
202657701,1,443,2778,89.69970939618986,58.13648293963255
199928502,1,444,2779,89.73199870842751,58.26771653543307
198970065,1,445,2780,89.76428802066516,58.3989501312336
197863163,1,446,2781,89.7965773329028,58.53018372703412
197843965,1,447,2782,89.82886664514047,58.661417322834644
192856795,1,448,2783,89.8611559573781,58.79265091863517
192654207,1,449,2784,89.89344526961575,58.9238845144357
188842185,1,450,2785,89.9257345818534,59.055118110236215
187856464,1,451,2786,89.95802389409106,59.186351706036746
186742615,1,452,2787,89.99031320632871,59.31758530183727
186368904,1,453,2788,90.02260251856636,59.4488188976378
182525420,1,454,2789,90.05489183080401,59.580052493438316
178726014,1,455,2790,90.08718114304165,59.71128608923885
177788419,1,456,2791,90.1194704552793,59.84251968503938
176867619,1,457,2792,90.15175976751695,59.973753280839894
173904781,1,458,2793,90.1840490797546,60.10498687664042
216737476,1,459,2794,90.21633839199225,60.23622047244095
48909975,1,460,2795,90.2486277042299,60.367454068241464
48816092,1,461,2796,90.28091701646755,60.498687664041995
48751387,1,462,2797,90.31320632870519,60.629921259842526
48641401,1,463,2798,90.34549564094286,60.76115485564304
48640001,1,464,2799,90.3777849531805,60.892388451443566
48396836,1,465,2800,90.41007426541815,61.023622047244096
48018398,1,466,2801,90.4423635776558,61.15485564304461
47611818,1,467,2802,90.47465288989345,61.28608923884514
47422706,1,468,2803,90.50694220213109,61.417322834645674
47298338,1,469,2804,90.53923151436875,61.5485564304462
46746027,1,470,2805,90.57152082660639,61.679790026246714
214474787,1,471,2806,90.60381013884404,61.811023622047244
211943606,1,472,2807,90.63609945108169,61.942257217847775
209627746,1,473,2808,90.66838876331934,62.07349081364829
206242525,1,474,2809,90.700678075557,62.20472440944882
45810508,1,475,2810,90.73296738779464,62.335958005249346
44703717,1,476,2811,90.7652567000323,62.46719160104986
44321809,1,477,2812,90.79754601226993,62.59842519685039
43780531,1,478,2813,90.82983532450758,62.72965879265092
43779222,1,479,2814,90.86212463674524,62.86089238845144
43009711,1,480,2815,90.89441394898289,62.99212598425197
42655674,1,481,2816,90.92670326122054,63.123359580052494
41875762,1,482,2817,90.95899257345819,63.25459317585301
41383223,1,483,2818,90.99128188569583,63.38582677165354
231293658,1,484,2819,91.02357119793348,63.51706036745407
229617427,1,485,2820,91.05586051017114,63.6482939632546
228321955,1,486,2821,91.08814982240878,63.77952755905512
226861436,1,487,2822,91.12043913464643,63.91076115485564
225705538,1,488,2823,91.15272844688408,64.04199475065617
220368734,1,489,2824,91.18501775912173,64.1732283464567
219125762,1,490,2825,91.21730707135937,64.30446194225722
285197596,1,491,2826,91.24959638359704,64.43569553805774
276304273,1,492,2827,91.28188569583467,64.56692913385827
275261096,1,493,2828,91.31417500807233,64.69816272965879
274002237,1,494,2829,91.34646432030998,64.82939632545933
272468399,1,495,2830,91.37875363254763,64.96062992125984
265978206,1,496,2831,91.41104294478528,65.09186351706036
263039672,1,497,2832,91.44333225702293,65.2230971128609
253172592,1,498,2833,91.47562156926058,65.35433070866141
252274843,1,499,2834,91.50791088149822,65.48556430446195
251899721,1,500,2835,91.54020019373587,65.61679790026247
250308470,1,501,2836,91.57248950597352,65.74803149606299
247587163,1,502,2837,91.60477881821117,65.87926509186352
238195069,1,503,2838,91.63706813044882,66.01049868766404
237131449,1,504,2839,91.66935744268648,66.14173228346458
46116154,1,505,2840,91.70164675492411,66.27296587926509
45955773,1,506,2841,91.73393606716176,66.40419947506561
307450836,1,507,2842,91.76622537939943,66.53543307086615
41234655,1,508,2843,91.79851469163707,66.66666666666666
40912923,1,509,2844,91.83080400387472,66.7979002624672
40375561,1,510,2845,91.86309331611237,66.92913385826772
40006755,1,511,2846,91.89538262835002,67.06036745406824
39343992,1,512,2847,91.92767194058766,67.19160104986877
39149468,1,513,2848,91.95996125282532,67.32283464566929
38761662,1,514,2849,91.99225056506296,67.45406824146981
38402401,1,515,2850,92.02453987730061,67.58530183727034
37646474,1,516,2851,92.05682918953826,67.71653543307087
37512810,1,517,2852,92.08911850177591,67.8477690288714
36773968,1,518,2853,92.12140781401355,67.97900262467192
36416351,1,519,2854,92.15369712625122,68.11023622047244
36250439,1,520,2855,92.18598643848887,68.24146981627297
292851196,1,521,2856,92.2182757507265,68.37270341207349
290685432,1,522,2857,92.25056506296416,68.50393700787401
329805371,1,523,2858,92.28285437520181,68.63517060367454
35833085,1,524,2859,92.31514368743946,68.76640419947506
35444289,1,525,2860,92.34743299967711,68.89763779527559
34008599,1,526,2861,92.37972231191476,69.02887139107612
33944993,1,527,2862,92.4120116241524,69.16010498687663
32683666,1,528,2863,92.44430093639005,69.29133858267717
32095639,1,529,2864,92.4765902486277,69.4225721784777
31940201,1,530,2865,92.50887956086535,69.5538057742782
31146002,1,531,2866,92.541168873103,69.68503937007874
328275828,1,532,2867,92.57345818534066,69.81627296587926
326217063,1,533,2868,92.6057474975783,69.9475065616798
326052379,1,534,2869,92.63803680981594,70.07874015748031
319617044,1,535,2870,92.67032612205361,70.20997375328083
312575080,1,536,2871,92.70261543429125,70.34120734908137
311294849,1,537,2872,92.7349047465289,70.47244094488188
310302453,1,538,2873,92.76719405876655,70.60367454068242
29270160,1,539,2874,92.7994833710042,70.73490813648294
28895367,1,540,2875,92.83177268324184,70.86614173228347
28816757,1,541,2876,92.8640619954795,70.99737532808399
28812403,1,542,2877,92.89635130771715,71.12860892388451
28489587,1,543,2878,92.92864061995479,71.25984251968504
28427315,1,544,2879,92.96092993219244,71.39107611548556
364340327,1,545,2880,92.9932192444301,71.5223097112861
346107846,1,546,2881,93.02550855666775,71.65354330708661
344918208,1,547,2882,93.0577978689054,71.78477690288713
342184452,1,548,2883,93.09008718114305,71.91601049868767
342075612,1,549,2884,93.12237649338068,72.04724409448819
340996484,1,550,2885,93.15466580561834,72.17847769028872
340446929,1,551,2886,93.18695511785599,72.30971128608924
337654877,1,552,2887,93.21924443009364,72.44094488188976
337425554,1,553,2888,93.25153374233128,72.57217847769029
332871273,1,554,2889,93.28382305456894,72.70341207349081
25665790,1,555,2890,93.31611236680659,72.83464566929135
25401069,1,556,2891,93.34840167904423,72.96587926509186
25151260,1,557,2892,93.3806909912819,73.0971128608924
24759045,1,558,2893,93.41298030351953,73.22834645669292
24353373,1,559,2894,93.44526961575718,73.35958005249343
403164934,1,560,2895,93.47755892799483,73.49081364829397
401977167,1,561,2896,93.50984824023249,73.62204724409449
394083981,1,562,2897,93.54213755247012,73.75328083989501
387057286,1,563,2898,93.57442686470779,73.88451443569554
384593620,1,564,2899,93.60671617694543,74.01574803149606
380391465,1,565,2900,93.63900548918308,74.1469816272966
376596119,1,566,2901,93.67129480142073,74.2782152230971
367322686,1,567,2902,93.70358411365838,74.40944881889764
30240261,1,568,2903,93.73587342589603,74.54068241469817
29932450,1,569,2904,93.76816273813368,74.67191601049869
29353566,1,570,2905,93.80045205037133,74.80314960629921
22554193,1,571,2906,93.83274136260897,74.93438320209974
22176293,1,572,2907,93.86503067484662,75.06561679790026
21868841,1,573,2908,93.89731998708427,75.19685039370079
21395306,1,574,2909,93.92960929932192,75.32808398950131
459658024,1,575,2910,93.96189861155958,75.45931758530183
452477330,1,576,2911,93.99418792379723,75.59055118110236
446608982,1,577,2912,94.02647723603488,75.7217847769029
438521604,1,578,2913,94.05876654827252,75.8530183727034
433772616,1,579,2914,94.09105586051018,75.98425196850394
429335705,1,580,2915,94.12334517274782,76.11548556430446
28378691,1,581,2916,94.15563448498547,76.24671916010499
28266894,1,582,2917,94.18792379722312,76.37795275590551
27888612,1,583,2918,94.22021310946077,76.50918635170603
25850084,1,584,2919,94.25250242169841,76.64041994750657
25672695,1,585,2920,94.28479173393607,76.77165354330708
25668648,1,586,2921,94.31708104617371,76.9028871391076
17916952,1,587,2922,94.34937035841136,77.03412073490814
17460052,1,588,2923,94.38165967064901,77.16535433070865
17252899,1,589,2924,94.41394898288667,77.29658792650919
17056252,1,590,2925,94.44623829512432,77.42782152230971
481921424,1,591,2926,94.47852760736197,77.55905511811024
477200876,1,592,2927,94.51081691959962,77.69028871391076
472683862,1,593,2928,94.54310623183726,77.82152230971128
464852765,1,594,2929,94.57539554407491,77.95275590551181
463308915,1,595,2930,94.60768485631256,78.08398950131233
24347889,1,596,2931,94.63997416855021,78.21522309711287
24320254,1,597,2932,94.67226348078785,78.34645669291339
23054922,1,598,2933,94.70455279302551,78.4776902887139
23053315,1,599,2934,94.73684210526315,78.60892388451444
22875236,1,600,2935,94.7691314175008,78.74015748031496
22629601,1,601,2936,94.80142072973847,78.87139107611549
22595027,1,602,2937,94.8337100419761,79.00262467191601
536857130,1,603,2938,94.86599935421376,79.13385826771653
535448492,1,604,2939,94.8982886664514,79.26509186351706
535251741,1,605,2940,94.93057797868906,79.39632545931758
532323229,1,606,2941,94.9628672909267,79.52755905511812
529400570,1,607,2942,94.99515660316436,79.65879265091863
527665623,1,608,2943,95.027445915402,79.79002624671917
521198842,1,609,2944,95.05973522763965,79.92125984251969
519745580,1,610,2945,95.0920245398773,80.0524934383202
519208906,1,611,2946,95.12431385211495,80.18372703412074
514965405,1,612,2947,95.1566031643526,80.31496062992126
21391334,1,613,2948,95.18889247659025,80.4461942257218
21378632,1,614,2949,95.2211817888279,80.5774278215223
21149720,1,615,2950,95.25347110106554,80.70866141732283
20872645,1,616,2951,95.2857604133032,80.83989501312337
20760373,1,617,2952,95.31804972554085,80.97112860892388
18116565,1,618,2953,95.3503390377785,81.10236220472441
547546467,1,619,2954,95.38262835001615,81.23359580052494
16755214,1,620,2955,95.4149176622538,81.36482939632546
16689958,1,621,2956,95.44720697449144,81.49606299212599
16689899,1,622,2957,95.47949628672909,81.62729658792651
16646665,1,623,2958,95.51178559896675,81.75853018372703
16193608,1,624,2959,95.54407491120439,81.88976377952756
16120125,1,625,2960,95.57636422344204,82.02099737532808
15887315,1,626,2961,95.6086535356797,82.1522309711286
15663330,1,627,2962,95.64094284791734,82.28346456692913
15040015,1,628,2963,95.67323216015498,82.41469816272966
14772745,1,629,2964,95.70552147239265,82.54593175853019
13467331,1,630,2965,95.73781078463028,82.67716535433071
13093432,1,631,2966,95.77010009686794,82.80839895013123
12422759,1,632,2967,95.80238940910559,82.93963254593176
539758925,1,633,2968,95.83467872134324,83.07086614173228
539012533,1,634,2969,95.86696803358087,83.2020997375328
590785847,1,635,2970,95.89925734581854,83.33333333333334
589906744,1,636,2971,95.93154665805619,83.46456692913385
589708063,1,637,2972,95.96383597029383,83.59580052493439
588240481,1,638,2973,95.99612528253148,83.72703412073491
586544331,1,639,2974,96.02841459476913,83.85826771653542
585983839,1,640,2975,96.06070390700678,83.98950131233596
581244198,1,641,2976,96.09299321924442,84.12073490813648
578604921,1,642,2977,96.12528253148209,84.25196850393701
578517188,1,643,2978,96.15757184371972,84.38320209973753
568615220,1,644,2979,96.18986115595737,84.51443569553805
557338546,1,645,2980,96.22215046819503,84.64566929133859
557204240,1,646,2981,96.25443978043268,84.7769028871391
554979747,1,647,2982,96.28672909267033,84.90813648293964
552370998,1,648,2983,96.31901840490798,85.03937007874016
551753961,1,649,2984,96.35130771714563,85.17060367454067
549099499,1,650,2985,96.38359702938327,85.30183727034121
9453430,1,651,2986,96.41588634162093,85.43307086614173
9261752,1,652,2987,96.44817565385857,85.56430446194226
8984867,1,653,2988,96.48046496609622,85.69553805774278
11782171,1,654,2989,96.51275427833387,85.8267716535433
11499390,1,655,2990,96.54504359057152,85.95800524934383
11248671,1,656,2991,96.57733290280916,86.08923884514435
11080562,1,657,2992,96.60962221504683,86.22047244094489
10939535,1,658,2993,96.64191152728448,86.3517060367454
10823332,1,659,2994,96.67420083952211,86.48293963254594
10756571,1,660,2995,96.70649015175977,86.61417322834646
10736359,1,661,2996,96.73877946399742,86.74540682414698
10713442,1,662,2997,96.77106877623507,86.8766404199475
10463855,1,663,2998,96.80335808847272,87.00787401574803
10270395,1,664,2999,96.83564740071037,87.13910761154857
592601437,1,665,3000,96.86793671294801,87.27034120734908
592234050,1,666,3001,96.90022602518566,87.4015748031496
681047152,1,667,3002,96.93251533742331,87.53280839895014
680719806,1,668,3003,96.96480464966096,87.66404199475065
678415491,1,669,3004,96.9970939618986,87.79527559055119
676721150,1,670,3005,97.02938327413626,87.92650918635171
674507123,1,671,3006,97.06167258637392,88.05774278215223
673690444,1,672,3007,97.09396189861155,88.18897637795276
670920744,1,673,3008,97.12625121084922,88.32020997375328
660809460,1,674,3009,97.15854052308686,88.4514435695538
658005868,1,675,3010,97.19082983532451,88.58267716535433
592836807,1,676,3011,97.22311914756216,88.71391076115486
10039663,1,677,3012,97.25540845979981,88.84514435695539
9950908,1,678,3013,97.28769777203745,88.9763779527559
9900768,1,679,3014,97.31998708427511,89.10761154855643
9827707,1,680,3015,97.35227639651275,89.23884514435696
9748143,1,681,3016,97.3845657087504,89.37007874015748
9716032,1,682,3017,97.41685502098805,89.501312335958
8689087,1,683,3018,97.4491443332257,89.63254593175853
8408341,1,684,3019,97.48143364546335,89.76377952755905
8337751,1,685,3020,97.51372295770099,89.89501312335958
8067685,1,686,3021,97.54601226993866,90.02624671916011
7993224,1,687,3022,97.5783015821763,90.15748031496062
7948331,1,688,3023,97.61059089441395,90.28871391076116
7642747,1,689,3024,97.6428802066516,90.41994750656168
7636297,1,690,3025,97.67516951888925,90.5511811023622
7620983,1,691,3026,97.70745883112689,90.68241469816273
7523836,1,692,3027,97.73974814336455,90.81364829396325
7345696,1,693,3028,97.7720374556022,90.94488188976378
6918016,1,694,3029,97.80432676783984,91.0761154855643
6689302,1,695,3030,97.8366160800775,91.20734908136482
6359940,1,696,3031,97.86890539231514,91.33858267716536
681097770,1,697,3032,97.9011947045528,91.46981627296587
681052352,1,698,3033,97.93348401679044,91.60104986876641
5685222,1,699,3034,97.9657733290281,91.73228346456693
5654051,1,700,3035,97.99806264126573,91.86351706036746
5643415,1,701,3036,98.0303519535034,91.99475065616798
5556667,1,702,3037,98.06264126574104,92.1259842519685
5426937,1,703,3038,98.09493057797869,92.25721784776903
4837194,1,704,3039,98.12721989021634,92.38845144356955
4723385,1,705,3040,98.15950920245399,92.51968503937007
4684553,1,706,3041,98.19179851469164,92.6509186351706
682068491,1,707,3042,98.22408782692929,92.78215223097112
682068156,1,708,3043,98.25637713916694,92.91338582677166
682067092,1,709,3044,98.28866645140458,93.04461942257218
682066249,1,710,3045,98.32095576364223,93.1758530183727
682064934,1,711,3046,98.35324507587988,93.30708661417323
682064636,1,712,3047,98.38553438811753,93.43832020997375
682064225,1,713,3048,98.41782370035517,93.56955380577428
681544907,1,714,3049,98.45011301259284,93.7007874015748
4276812,1,715,3050,98.48240232483047,93.83202099737534
4267415,1,716,3051,98.51469163706813,93.96325459317585
4189855,1,717,3052,98.54698094930579,94.09448818897637
4080706,1,718,3053,98.57927026154343,94.22572178477691
3989090,1,719,3054,98.61155957378108,94.35695538057742
3748166,1,720,3055,98.64384888601873,94.48818897637796
3706701,1,721,3056,98.67613819825638,94.61942257217848
3621802,1,722,3057,98.70842751049402,94.750656167979
691794015,1,723,3058,98.74071682273168,94.88188976377953
690634088,1,724,3059,98.77300613496932,95.01312335958005
689920722,1,725,3060,98.80529544720697,95.14435695538059
685354244,1,726,3061,98.83758475944462,95.2755905511811
684026224,1,727,3062,98.86987407168228,95.40682414698163
6358678,1,728,3063,98.90216338391993,95.53805774278216
6315161,1,729,3064,98.93445269615756,95.66929133858267
6170589,1,730,3065,98.96674200839523,95.8005249343832
218232,1,731,3066,98.99903132063287,95.93175853018373
437092,1,732,3067,99.03132063287052,96.06299212598425
696093,1,733,3068,99.06360994510817,96.19422572178478
754039486,1,734,3069,99.09589925734582,96.3254593175853
726337305,1,735,3070,99.12818856958346,96.45669291338582
724080854,1,736,3071,99.16047788182112,96.58792650918635
719655921,1,737,3072,99.19276719405876,96.71916010498688
717867551,1,738,3073,99.22505650629641,96.8503937007874
712274411,1,739,3074,99.25734581853408,96.98162729658793
712074229,1,740,3075,99.28963513077171,97.11286089238845
712073934,1,741,3076,99.32192444300937,97.24409448818898
712073239,1,742,3077,99.35421375524702,97.3753280839895
712071209,1,743,3078,99.38650306748467,97.50656167979002
711876831,1,744,3079,99.4187923797223,97.63779527559055
3589987,1,745,3080,99.45108169195997,97.76902887139107
3222935,1,746,3081,99.48337100419761,97.9002624671916
74792612,1,747,3082,99.51566031643526,98.03149606299213
788058,1,748,3083,99.54794962867291,98.16272965879264
753548433,1,749,3084,99.58023894091056,98.29396325459318
751126379,1,750,3085,99.6125282531482,98.4251968503937
750776921,1,751,3086,99.64481756538586,98.55643044619423
744283203,1,752,3087,99.67710687762352,98.68766404199475
733352710,1,753,3088,99.70939618986115,98.81889763779527
728297351,1,754,3089,99.7416855020988,98.9501312335958
2327208,1,755,3090,99.77397481433646,99.08136482939632
2319599,1,756,3091,99.8062641265741,99.21259842519686
2224782,1,757,3092,99.83855343881174,99.34383202099738
1975201,1,758,3093,99.87084275104941,99.47506561679789
1901820,1,759,3094,99.90313206328705,99.60629921259843
1563123,1,760,3095,99.9354213755247,99.73753280839895
1289033,1,761,3096,99.96771068776235,99.86876640419948
949264,1,762,3097,100.0,100.0
